,feature,mean_abs_shap,std_abs_shap
49,household_deposits_diff12,669.2827650967113,726.6887725610351
47,household_deposits_diff11,440.9436456695073,468.03890352557283
837,cpi_housing_household_diff12,241.68586052568702,547.1387152338814
274,household_loans_roc4,223.37651546640865,219.93424310122583
249,card_credit_min11,155.02683559766416,444.391455547288
1109,production_based_gdp_min12,143.12635900317653,247.42179327277594
286,household_loans_roc10,129.2794529795699,126.1476387020478
287,household_loans_diff11,126.02435387533734,214.2191702400052
980,cpi_yy_roc9,103.08335001918122,149.06516069706453
45,household_deposits_diff10,92.53294502129131,231.22784484260407
1255,production_based_gdp_yy_ma12,86.09249994997656,172.28126859008893
176,card_credit_lag2,81.01597149386646,134.9858223589735
245,card_credit_min10,80.8652985802339,186.89323893507174
560,employed_labour_force_std12,71.3218682926565,131.21008462614466
954,cpi_yy_lag4,66.79495147275523,89.41778586990128
434,unemployment_rate_roc10,61.626417556042455,111.58451231006887
400,google_home_loan_rate_search_std12,58.834825761885895,166.79296684507253
48,household_deposits_roc11,57.63408400205669,79.83359002660087
435,unemployment_rate_diff11,49.66364007376612,90.31073368464257
288,household_loans_roc11,45.13790208271719,59.212109208023385
1205,production_based_gdp_yy_diff8,43.812811676000656,58.38000343841873
712,labour_cost_index_std10,42.11729738617987,143.7935779186674
46,household_deposits_roc10,41.67710616218007,66.0004753366856
324,household_loans_std10,39.61898504805576,104.42191832374661
1202,production_based_gdp_yy_roc6,39.01642245904397,50.264865549974694
96,card_consumables_lag2,38.634090708456924,64.11544499815928
41,household_deposits_diff8,38.47164004508072,71.64449428932627
128,card_consumables_roc11,37.357614263204745,59.91739194321842
568,labour_force_participation_rate_lag6,35.99178613195442,105.53722087756609
290,household_loans_roc12,33.432176219291904,51.49878424635194
44,household_deposits_roc9,33.225583524147645,75.8989242295164
30,household_deposits_roc2,32.62433059906516,39.47227601862049
1185,production_based_gdp_yy_lag7,31.466074351237896,75.98541454544956
268,household_loans_roc1,30.181039112869623,77.55565815681669
1150,production_based_gdp_qq_max5,29.970415944537603,110.38564701774706
190,card_credit_roc2,29.85342895552827,52.50041699583782
1186,production_based_gdp_yy_lag8,28.765027570613874,48.3332393419466
84,household_deposits_std10,28.67487392548226,34.574986577176375
955,cpi_yy_lag5,28.593413878889862,46.41228646805993
437,unemployment_rate_diff12,27.51845797919687,62.266097271960355
42,household_deposits_roc8,27.18511992596234,53.93429536636032
402,google_home_loan_rate_search_max12,25.877241021190034,57.271339634188195
189,card_credit_diff2,25.137242414629135,41.03170586566212
1247,production_based_gdp_yy_ma10,23.892103458412137,44.350674078127824
429,unemployment_rate_diff8,23.766079798203997,81.34370775128843
1173,production_based_gdp_qq_min11,23.15425207873933,51.99663659701253
282,household_loans_roc8,21.582330255858032,70.6029227767838
110,card_consumables_roc2,21.354098417634273,29.531867326347545
556,employed_labour_force_std11,21.123593538110057,50.51612001340644
103,card_consumables_lag9,20.123370743431884,27.51924594954363
29,household_deposits_diff2,20.093190648713147,24.654169575889256
332,household_loans_std12,19.996254437182714,36.746676070749665
1000,cpi_yy_std5,19.655858099878124,52.18151156921271
1199,production_based_gdp_yy_diff5,19.144218105795545,80.39591860273264
114,card_consumables_roc4,19.061785302516487,27.2873402649369
270,household_loans_roc2,19.003925989151167,30.962975827429677
433,unemployment_rate_diff10,18.980332295557105,37.440477209754505
35,household_deposits_diff5,18.546362145615618,34.32901130962789
1172,production_based_gdp_qq_std11,17.596769181843467,60.72269013412741
438,unemployment_rate_roc12,17.35443819322887,31.177071957024523
64,household_deposits_std5,16.468835586101275,36.49274552412548
267,household_loans_diff1,16.3454763394117,45.35916051503062
432,unemployment_rate_roc9,16.12434626388164,44.40522123601081
996,cpi_yy_std4,16.06813112966557,35.18337353247109
56,household_deposits_std3,16.028687463199233,22.9836482672431
883,cpi_qq_lag1,15.94341838482507,45.34570342696433
1044,production_based_gdp_roc1,15.918447508395609,57.25451785011402
1122,production_based_gdp_qq_lag12,15.584782058352259,34.90769106990964
109,card_consumables_diff2,15.528036321076128,23.558408243099453
544,employed_labour_force_std8,14.862444899656484,36.82620654916532
1206,production_based_gdp_yy_roc8,14.655827603555789,28.36634842791903
961,cpi_yy_lag11,14.624590439261071,70.09390610883771
43,household_deposits_diff9,14.575070246759976,38.306508585370125
992,cpi_yy_std3,14.468158167230703,20.044836626876663
240,card_credit_std9,14.377521055568753,27.0292708523334
924,cpi_qq_std6,14.3034842786199,23.7159310944774
788,cpi_std9,14.285762839286264,20.03987324862035
923,cpi_qq_ma6,14.256046247151218,44.05627005886271
436,unemployment_rate_roc11,14.171833995610926,23.77443678607806
907,cpi_qq_ma2,13.689910505819961,50.97539546886786
1200,production_based_gdp_yy_roc5,13.680389824399128,25.79518636980554
1243,production_based_gdp_yy_ma9,13.473759320129181,30.88374905572883
99,card_consumables_lag5,13.439706817133208,27.815322907912783
135,card_consumables_ma3,13.279817837001643,49.612532220117636
127,card_consumables_diff11,13.121085806355378,27.302026080135978
205,card_credit_diff10,12.945730469741488,20.231555753601622
283,household_loans_diff9,12.943486413318544,38.53016123169305
1152,production_based_gdp_qq_std6,12.930295334425272,22.401542832633414
928,cpi_qq_std7,12.661945250444969,15.302573904523696
957,cpi_yy_lag7,12.489600030581366,34.22248343590635
1188,production_based_gdp_yy_lag10,12.21249529384022,20.046491202393323
281,household_loans_diff8,12.144101122328308,48.015282240470455
137,card_consumables_min3,12.069066364253628,28.815576781255647
39,household_deposits_diff7,12.01125379658828,26.49386383517491
136,card_consumables_std3,11.962935725465234,30.042873586430495
1128,production_based_gdp_qq_diff6,11.617309557272215,21.385191938186694
949,cpi_qq_min12,11.531687668042613,28.360999188399436
767,cpi_ma4,11.475708232660129,53.413618437448605
350,google_home_loan_rate_search_diff4,11.437467091768202,14.028422991545833
904,cpi_qq_diff10,11.302911531691494,31.593497330579563
360,google_home_loan_rate_search_std2,11.27312929416715,16.596092794496343
406,unemployment_rate_lag4,10.940489774382026,26.116042387754888
277,household_loans_diff6,10.785244918295803,30.23772997221527
476,unemployment_rate_std11,10.775454519685955,25.66109742150677
276,household_loans_roc5,10.714977719388887,14.550393116336418
984,cpi_yy_roc11,10.680578870312948,22.63497652115142
348,google_home_loan_rate_search_diff2,10.45904273611521,20.265686746000302
1184,production_based_gdp_yy_lag6,10.437481031270904,26.84715425013216
892,cpi_qq_lag10,10.282391700754806,14.192159989332461
514,employed_labour_force_roc10,10.207910586513968,28.110057288597055
1032,production_based_gdp_lag2,9.727509775000245,35.50973358151551
909,cpi_qq_min2,9.426955386440111,57.50227945300806
507,employed_labour_force_diff7,9.359312919699827,23.865926061836724
60,household_deposits_std4,9.250201569846814,18.61375002541543
748,cpi_roc7,9.036429939703144,19.903160737578073
612,labour_force_participation_rate_std5,8.899742078303454,13.83795400628149
98,card_consumables_lag4,8.843481510400954,22.579704483834334
1126,production_based_gdp_qq_diff4,8.78270612622209,21.59364742102281
903,cpi_qq_diff9,8.578897172382678,22.310243150211672
986,cpi_yy_roc12,8.522777192316001,13.899247429847515
886,cpi_qq_lag4,8.465217057376666,31.755627987806424
178,card_credit_lag4,8.393131796375405,19.686173166358017
1112,production_based_gdp_qq_lag2,8.362174230403197,21.2693494187017
112,card_consumables_roc3,8.2207309082183,17.077848547496362
704,labour_cost_index_std8,8.214762856428727,19.56160028262149
355,google_home_loan_rate_search_diff9,8.062813543112481,35.416171190213326
620,labour_force_participation_rate_std7,8.059573711059526,14.84730793434239
978,cpi_yy_roc8,7.957207814362805,16.90807346108469
1119,production_based_gdp_qq_lag9,7.954354231833306,10.418981129108692
584,labour_force_participation_rate_roc5,7.937018058153833,19.408936881430645
36,household_deposits_roc5,7.903677743121703,14.481397120798306
480,unemployment_rate_std12,7.808190620819711,14.872216653945184
76,household_deposits_std8,7.650691134952946,33.89641093470826
236,card_credit_std8,7.63311661359407,20.6856569305029
1012,cpi_yy_std8,7.6278403699546,16.465825971427996
1210,production_based_gdp_yy_roc10,7.447209245469439,16.66743891959636
184,card_credit_lag10,7.432351705951917,13.45564376883281
424,unemployment_rate_roc5,7.3371417842988045,21.770593918603243
144,card_consumables_std5,7.312870725314859,28.472267877793907
343,google_home_loan_rate_search_lag9,7.239423324672073,16.303214573148924
508,employed_labour_force_roc7,7.140422601974584,22.10230461722706
1116,production_based_gdp_qq_lag6,7.138376075699729,18.068904897405595
505,employed_labour_force_diff6,7.053535852500426,20.305290117691197
280,household_loans_roc7,7.04326559187482,33.98890855808274
517,employed_labour_force_diff12,6.971275030690998,15.283839682471056
729,cpi_lag7,6.877069240972142,40.104125470974786
824,cpi_housing_household_roc5,6.798387491848145,21.773603434126176
896,cpi_qq_diff2,6.784302299694919,15.054097531916085
1050,production_based_gdp_roc4,6.773331709997919,16.913905039216942
126,card_consumables_roc10,6.713487119584129,11.666519255854425
88,household_deposits_std11,6.699578389912229,10.605168248869964
278,household_loans_roc6,6.6832136718198,20.931767967506445
982,cpi_yy_roc10,6.681432623663211,13.846979543610477
1132,production_based_gdp_qq_diff10,6.624677198207977,17.844313011757468
784,cpi_std8,6.6022766643661,12.853521534889952
1108,production_based_gdp_std12,6.60122621672483,25.33391877455154
194,card_credit_roc4,6.331929843430135,13.059789052594297
974,cpi_yy_roc6,6.170803274908729,22.139235527644804
143,card_consumables_ma5,6.161700088213636,30.24237155358277
1073,production_based_gdp_min3,5.992355077992935,16.642952722349257
956,cpi_yy_lag6,5.982731564396759,20.401849343911863
428,unemployment_rate_roc7,5.8816821893594415,16.367567842490864
138,card_consumables_max3,5.8722100999632065,17.589545852962807
372,google_home_loan_rate_search_std5,5.7980309441655615,12.28071787888325
0,card_consumables,5.745162348608339,10.79979722937125
1192,production_based_gdp_yy_roc1,5.725778936816423,10.874102451844873
1024,cpi_yy_std11,5.716132806786046,13.348363068448418
1197,production_based_gdp_yy_diff4,5.7121679168679425,12.769311262762532
378,google_home_loan_rate_search_max6,5.6843780791363985,12.336215687137207
1198,production_based_gdp_yy_roc4,5.682900872130541,21.28759067785383
340,google_home_loan_rate_search_lag6,5.672090851593806,12.45885172664421
396,google_home_loan_rate_search_std11,5.657522082106557,12.985391934284193
1203,production_based_gdp_yy_diff7,5.655046131635876,11.224885774302752
188,card_credit_roc1,5.589335278068353,9.169054734639758
107,card_consumables_diff1,5.560315221808177,10.413485957053435
292,household_loans_std2,5.468866588953975,12.814227873966498
661,labour_cost_index_diff4,5.410249473515504,17.78232377127662
1219,production_based_gdp_yy_ma3,5.366639052581589,16.00775878484873
167,card_consumables_ma11,5.2912647205586785,23.119820510403073
351,google_home_loan_rate_search_diff5,5.282901535447526,9.833946898034561
1015,cpi_yy_ma9,5.2687915082768315,13.122403514840466
916,cpi_qq_std4,5.249626731877428,19.459491005423452
662,labour_cost_index_roc4,5.19033382785285,14.241993795143419
912,cpi_qq_std3,5.142364368349635,10.509622509050176
104,card_consumables_lag10,5.1383610201791186,11.077570685803728
936,cpi_qq_std9,5.09835271388663,20.33847367265451
455,unemployment_rate_ma6,5.095109031699875,12.08568449355865
1004,cpi_yy_std6,5.012346402211088,19.375482911410693
944,cpi_qq_std11,5.012030247184143,15.76396193797575
206,card_credit_roc10,5.001151285682661,8.210432558027358
336,google_home_loan_rate_search_lag2,4.970090293555441,8.626744620965873
296,household_loans_std3,4.94663872014212,13.894826665553387
212,card_credit_std2,4.8971878943665885,6.593479178376272
347,google_home_loan_rate_search_diff1,4.895534959772291,8.999050176595505
692,labour_cost_index_std5,4.88542442676136,20.65754486522251
887,cpi_qq_lag5,4.858255391393178,12.932769927803687
905,cpi_qq_diff11,4.846474935981853,16.249198217244246
569,labour_force_participation_rate_lag7,4.814721488209115,12.389977841425392
358,google_home_loan_rate_search_diff12,4.760624206098682,5.4695438551131526
1133,production_based_gdp_qq_diff11,4.719573387269579,12.863977304505735
513,employed_labour_force_diff10,4.706686261208502,11.251332625403942
1117,production_based_gdp_qq_lag7,4.664300553347476,15.105050188749935
1139,production_based_gdp_qq_ma3,4.621112338479642,10.841867732086287
614,labour_force_participation_rate_max5,4.61805355425782,19.226464411157824
1120,production_based_gdp_qq_lag10,4.585558372298577,15.927575540048021
1183,production_based_gdp_yy_lag5,4.572307347782558,17.163643291730025
899,cpi_qq_diff5,4.535913835680902,10.217408384885754
1142,production_based_gdp_qq_max3,4.411671644654128,12.1894578595894
40,household_deposits_roc7,4.374536510623246,11.675737587278215
116,card_consumables_roc5,4.337089344455629,12.16578682357594
506,employed_labour_force_roc6,4.2945133031671645,12.80597426365822
666,labour_cost_index_roc6,4.249976887039583,9.540613099618277
1221,production_based_gdp_yy_min3,4.232437827926269,14.365613941864714
582,labour_force_participation_rate_roc4,4.134648023824939,11.349453466990521
1176,production_based_gdp_qq_std12,4.070300528782235,22.44382636259861
68,household_deposits_std6,4.043075514030996,14.741001983294751
965,cpi_yy_diff2,4.034185015971676,8.76088197531865
1080,production_based_gdp_std5,4.032545663845517,6.111446760677121
210,card_credit_roc12,3.9568809101869875,8.543099376470757
448,unemployment_rate_std4,3.9522824811095227,9.272002502575987
915,cpi_qq_ma4,3.9161462112996297,12.819975471451505
536,employed_labour_force_std6,3.868051975387778,15.566281323001403
945,cpi_qq_min11,3.8515425718940386,11.562047139188977
1179,production_based_gdp_yy_lag1,3.820545816215711,13.643245929392474
1144,production_based_gdp_qq_std4,3.818920776034284,9.253266727390264
106,card_consumables_lag12,3.806940292807624,9.903080798943881
890,cpi_qq_lag8,3.771592354651964,12.126774561550638
967,cpi_yy_diff3,3.7646510519581926,7.017518921547974
1061,production_based_gdp_diff10,3.760359051405423,9.349522937218662
92,household_deposits_std12,3.748556423900958,11.195363099717515
1167,production_based_gdp_qq_ma10,3.7295762229356444,8.699715026011452
17,household_deposits_lag3,3.6776040278991644,10.651967402241812
1138,production_based_gdp_qq_max2,3.6744635269469983,12.090151238748366
181,card_credit_lag7,3.6484569112474765,9.159040073668054
898,cpi_qq_diff4,3.635784313227197,8.57880267107644
1213,production_based_gdp_yy_diff12,3.5908394720914463,14.043631071734183
33,household_deposits_diff4,3.5528904278656266,8.709391869627947
673,labour_cost_index_diff10,3.552792086094767,10.20252509898537
637,labour_force_participation_rate_min11,3.5274050522904425,14.337398412411838
1072,production_based_gdp_std3,3.4973209271540355,6.095720074573818
632,labour_force_participation_rate_std10,3.458587296144111,8.00477730847961
80,household_deposits_std9,3.4536168446261724,6.7536138394169125
993,cpi_yy_min3,3.4517877898538325,12.876210198098445
243,card_credit_ma10,3.4482537488398557,14.070309129987635
115,card_consumables_diff5,3.4388940057659534,10.684483563580594
376,google_home_loan_rate_search_std6,3.4314614772834626,9.514213621470395
34,household_deposits_roc4,3.4292576003923987,8.797847329549754
105,card_consumables_lag11,3.407987487394091,8.663876529600778
1181,production_based_gdp_yy_lag3,3.3981685448135317,11.079760157668787
572,labour_force_participation_rate_lag10,3.396070101816094,10.967088174769177
129,card_consumables_diff12,3.350587535830943,12.375432302733786
191,card_credit_diff3,3.3411199941827414,8.626590529996536
1187,production_based_gdp_yy_lag9,3.3359020506788646,11.206298379957325
1159,production_based_gdp_qq_ma8,3.3327206459024064,11.761035383209903
1063,production_based_gdp_diff11,3.3163158083584783,11.752680765692448
1224,production_based_gdp_yy_std4,3.263669249099213,11.713254111178975
1062,production_based_gdp_roc10,3.2611114079849313,11.083363714460555
120,card_consumables_roc7,3.242665971140409,5.306401099323071
972,cpi_yy_roc5,3.2362842233727456,10.10037222470893
1208,production_based_gdp_yy_roc9,3.231868616463609,11.84545501235189
1124,production_based_gdp_qq_diff2,3.2178659455366017,7.86614092331732
656,labour_cost_index_roc1,3.2178419152653452,10.361745605329588
186,card_credit_lag12,3.215468615327242,8.186866597524526
515,employed_labour_force_diff11,3.2102198887016296,14.280749614533942
344,google_home_loan_rate_search_lag10,3.1959362327589775,8.414799476656336
195,card_credit_diff5,3.181544435139143,11.873215071380626
1019,cpi_yy_ma10,3.1673338046256903,12.290699539807036
339,google_home_loan_rate_search_lag5,3.1589545646513693,15.789168712901017
269,household_loans_diff2,3.1334120848008724,9.464300385847455
893,cpi_qq_lag11,3.114692253535964,15.008325898964367
959,cpi_yy_lag9,3.103461257831574,7.249208355064449
52,household_deposits_std2,3.0695027118251166,7.9347850943230664
113,card_consumables_diff4,3.067737621662235,6.548604262667178
1158,production_based_gdp_qq_max7,3.0663603298743474,10.308265979374303
885,cpi_qq_lag3,3.056427436659112,6.954984773263345
1248,production_based_gdp_yy_std10,3.055608469622141,8.24015592334391
971,cpi_yy_diff5,3.048360877214844,9.868699595940893
1064,production_based_gdp_roc11,3.02967268302577,6.28706748258557
185,card_credit_lag11,3.007689750004792,6.04025236607377
639,labour_force_participation_rate_ma12,2.9641024335109227,13.281603527870718
125,card_consumables_diff10,2.933460843507129,7.0983187875443585
464,unemployment_rate_std8,2.927071505740931,8.603776468736305
1171,production_based_gdp_qq_ma11,2.9160185104657828,8.389776878546622
532,employed_labour_force_std5,2.9145358611835426,8.82864366546279
969,cpi_yy_diff4,2.891664556159638,6.829092775023342
1003,cpi_yy_ma6,2.890393550581299,9.531237109845325
759,cpi_ma2,2.868061924941441,6.517839784633174
1169,production_based_gdp_qq_min10,2.847518350411621,10.057186491971589
356,google_home_loan_rate_search_diff10,2.8378238125868323,6.431227197196915
1114,production_based_gdp_qq_lag4,2.8306225807579977,6.513850895003973
285,household_loans_diff10,2.8186712241892087,8.341099629152536
771,cpi_ma5,2.817290860850596,8.67994027357508
118,card_consumables_roc6,2.8048570084096496,5.419359629706672
504,employed_labour_force_roc5,2.7853837542491657,7.183059221618372
160,card_consumables_std9,2.7818135957081958,7.731611644711098
604,labour_force_participation_rate_std3,2.7768881065566218,5.180448449434095
124,card_consumables_roc9,2.7753327803804395,6.434464795929066
207,card_credit_diff11,2.7563076021877353,6.605332495580903
1125,production_based_gdp_qq_diff3,2.7336818580772095,6.8440811804853725
395,google_home_loan_rate_search_ma11,2.729560472938732,5.774434828216027
578,labour_force_participation_rate_roc2,2.7246206880655635,7.838903175885745
884,cpi_qq_lag2,2.7218357393833696,5.955685235566972
187,card_credit_diff1,2.7086857858594473,5.582730179410604
345,google_home_loan_rate_search_lag11,2.691465544725316,8.602971700139477
1226,production_based_gdp_yy_max4,2.666291245701108,7.88818358900299
475,unemployment_rate_ma11,2.66487408705434,7.453318532061857
602,labour_force_participation_rate_max2,2.65467159678527,13.126526674499221
308,household_loans_std6,2.62937797356768,9.584360588767188
838,cpi_housing_household_roc12,2.6273245932090052,9.731509148295194
304,household_loans_std5,2.6263301675133754,8.67177671110447
831,cpi_housing_household_diff9,2.604802442924907,7.723619149811813
368,google_home_loan_rate_search_std4,2.603631827027126,4.861855607783168
121,card_consumables_diff8,2.5897141998152886,7.170985256995655
834,cpi_housing_household_roc10,2.5878306024250035,12.985026685196322
392,google_home_loan_rate_search_std10,2.573482903694934,3.409773061698481
540,employed_labour_force_std7,2.5690418182670482,9.062035494720662
1251,production_based_gdp_yy_ma11,2.5540699178445223,7.885371291491783
1201,production_based_gdp_yy_diff6,2.5432081004019462,5.041273317840198
911,cpi_qq_ma3,2.5387998870822113,7.2542885062869855
279,household_loans_diff7,2.5257387104110496,10.223883650232102
580,labour_force_participation_rate_roc3,2.5139655139457475,6.40350715716918
1048,production_based_gdp_roc3,2.4881261057437003,5.670984841975624
1033,production_based_gdp_lag3,2.48178153822129,15.264580829302885
354,google_home_loan_rate_search_diff8,2.4815750824618497,5.650356335956656
1146,production_based_gdp_qq_max4,2.480636063279825,5.996167003447234
908,cpi_qq_std2,2.436842972334964,7.7889972528615425
1028,cpi_yy_std12,2.3987853853221757,6.911667976806574
1016,cpi_yy_std9,2.382081446218549,10.175954211459276
32,household_deposits_roc3,2.3738685731988824,7.6911131905040016
275,household_loans_diff5,2.3591560552178557,18.464279515549897
1155,production_based_gdp_qq_ma7,2.339354225933696,4.86338339714518
1011,cpi_yy_ma8,2.2992835148501927,8.891149268470866
906,cpi_qq_diff12,2.2889521787102787,7.102033095852208
102,card_consumables_lag8,2.2760173820318044,5.426413389999009
342,google_home_loan_rate_search_lag8,2.274065244322421,5.390821045908998
479,unemployment_rate_ma12,2.251572512968558,11.869102542695586
108,card_consumables_roc1,2.246747759185291,5.636366716671195
111,card_consumables_diff3,2.2461976277385203,4.482236034126766
196,card_credit_roc5,2.243265783083332,7.519098510503635
588,labour_force_participation_rate_roc7,2.2425028143162575,9.009212228139473
472,unemployment_rate_std10,2.2189301931801277,5.307302245523729
502,employed_labour_force_roc4,2.218012234335075,6.375530881381859
4,unemployment_rate,2.2044918418816493,8.129178364547885
384,google_home_loan_rate_search_std8,2.2009646554366467,6.893752092377173
72,household_deposits_std7,2.197947367950802,5.0102861300899075
1240,production_based_gdp_yy_std8,2.1908910220932927,6.40976236703538
574,labour_force_participation_rate_lag12,2.183424449880456,13.800308015353988
976,cpi_yy_roc7,2.177528065868126,3.937770675245133
640,labour_force_participation_rate_std12,2.1639205401339088,6.963013002197002
101,card_consumables_lag7,2.145641935078425,5.676875796064133
427,unemployment_rate_diff7,2.1291787143490817,7.340097699237742
1168,production_based_gdp_qq_std10,2.1114549126308795,7.098420986969184
1178,production_based_gdp_qq_max12,2.1106282812012744,7.27617743865088
658,labour_cost_index_roc2,2.1068539806470192,7.196097655435506
1148,production_based_gdp_qq_std5,2.1068259829296156,6.801086150287404
37,household_deposits_diff6,2.079471702209175,6.056658535095994
139,card_consumables_ma4,2.0682683077212936,6.696185038870709
14,production_based_gdp_yy,2.066162099121958,11.705504202768278
816,cpi_housing_household_roc1,2.0436197111482604,4.882753813871609
335,google_home_loan_rate_search_lag1,2.040229263039394,4.024831028261401
900,cpi_qq_diff6,2.039620092120239,5.459441728662615
1008,cpi_yy_std7,2.0149697535511493,5.958793607767896
1204,production_based_gdp_yy_roc7,1.9998690461703632,7.590455115296244
422,unemployment_rate_roc4,1.9934336570007665,5.647288252442434
509,employed_labour_force_diff8,1.9878844051897957,8.868153976611904
123,card_consumables_diff9,1.9776591378541861,6.432693702765936
591,labour_force_participation_rate_diff9,1.974629886003032,8.781001858169722
132,card_consumables_std2,1.9727794323474785,4.450524604663636
203,card_credit_diff9,1.9694182634324668,4.972427915010253
1189,production_based_gdp_yy_lag11,1.959339773970387,4.923215464557269
1131,production_based_gdp_qq_diff9,1.9587460180682223,6.394621734378545
289,household_loans_diff12,1.9521165508006177,8.56513755676183
664,labour_cost_index_roc5,1.9487104608088557,7.424858212224954
208,card_credit_roc11,1.9361876790295276,2.8407780887839302
367,google_home_loan_rate_search_ma4,1.9356657094704879,4.779196226988618
38,household_deposits_roc6,1.9343714444115403,6.558889686106947
349,google_home_loan_rate_search_diff3,1.9296254469390284,6.696920562687102
901,cpi_qq_diff7,1.9153820208648262,4.609703472900738
897,cpi_qq_diff3,1.9013870322773114,4.174968078368742
997,cpi_yy_min4,1.8977521816972642,8.203911437451753
407,unemployment_rate_lag5,1.8735138955449013,7.162752424709795
708,labour_cost_index_std9,1.8654585814221831,7.758404385778186
224,card_credit_std5,1.8627599028114405,9.567622599095795
818,cpi_housing_household_roc2,1.8597699119798696,7.5628772467037235
15,household_deposits_lag1,1.8589488504139036,5.9976526789677385
496,employed_labour_force_roc1,1.851763070593989,3.8183645238112573
1040,production_based_gdp_lag10,1.8508684582225199,6.406242033702063
991,cpi_yy_ma3,1.8393833860535052,10.834283222808041
352,google_home_loan_rate_search_diff6,1.8389437191278135,4.918670854495271
823,cpi_housing_household_diff5,1.8371088727996412,6.848698287752217
357,google_home_loan_rate_search_diff11,1.8238501174511463,4.5753075053627175
953,cpi_yy_lag3,1.8184255550784911,5.848144825397203
204,card_credit_roc9,1.811344159045809,4.6647707158164975
164,card_consumables_std10,1.8015389356159477,4.830757487345386
233,card_credit_min7,1.8006886655071181,8.726322526236544
889,cpi_qq_lag7,1.792418242712363,4.44785364584405
337,google_home_loan_rate_search_lag3,1.7891917387387055,4.431347049691921
130,card_consumables_roc12,1.7726553270852057,3.9354120696373984
418,unemployment_rate_roc2,1.7602980232520309,7.803058370422
1242,production_based_gdp_yy_max8,1.7347615112078663,4.974707926692686
934,cpi_qq_max8,1.7219985788876557,6.131750470319978
758,cpi_roc12,1.7136601811038141,6.163558234542763
1182,production_based_gdp_yy_lag4,1.7061703263779675,5.153407319944453
1238,production_based_gdp_yy_max7,1.699577089382516,4.8973521837323934
1092,production_based_gdp_std8,1.6898919446305387,12.03850576429601
594,labour_force_participation_rate_roc10,1.6811180839274589,4.897971817393253
856,cpi_housing_household_std6,1.6621204988594784,6.213409319449892
738,cpi_roc2,1.656176635908103,5.004310687643912
1042,production_based_gdp_lag12,1.641316834295247,8.27564410981179
1252,production_based_gdp_yy_std11,1.6401399485345514,5.149537877733647
1056,production_based_gdp_roc7,1.6344181212021545,4.463025115330411
1143,production_based_gdp_qq_ma4,1.621884714971181,4.609945091410765
256,household_loans_lag2,1.6194258585843635,6.398407070158455
199,card_credit_diff7,1.6082282645234167,6.919931120078852
616,labour_force_participation_rate_std6,1.5985850289402326,3.4002145739750254
902,cpi_qq_diff8,1.598086420531802,4.264753134198202
182,card_credit_lag8,1.595604508664553,4.9178844257330505
1100,production_based_gdp_std10,1.5922854335302115,9.768058237977304
765,cpi_min3,1.5816218815666312,7.425916630670892
1088,production_based_gdp_std7,1.5737801701409044,11.979515198677007
581,labour_force_participation_rate_diff4,1.5732677553243177,4.405050769569713
316,household_loans_std8,1.5598348253817151,6.918277356963707
1051,production_based_gdp_diff5,1.5583557149966893,3.7487430934616097
1236,production_based_gdp_yy_std7,1.557272617888227,4.934194235196678
668,labour_cost_index_roc7,1.5501103104008276,6.700962060156027
27,household_deposits_diff1,1.5449100934345374,3.1097123953049
970,cpi_yy_roc4,1.5297850017305612,6.411444205963169
209,card_credit_diff12,1.5281666269256247,5.04402607931053
590,labour_force_participation_rate_roc8,1.5195848854722631,6.117566968894597
202,card_credit_roc8,1.5115520787033407,3.467683799534095
353,google_home_loan_rate_search_diff7,1.502453211822292,4.139417189534543
271,household_loans_diff3,1.5000352573853986,4.648882482880806
6,labour_force_participation_rate,1.4938271326719148,8.871672026222448
938,cpi_qq_max9,1.48362914834543,5.951209527805318
1256,production_based_gdp_yy_std12,1.4773384933322709,3.8920385215116915
868,cpi_housing_household_std9,1.4665915690092368,3.602614991385573
1041,production_based_gdp_lag11,1.4640795043554202,6.38207100450481
566,labour_force_participation_rate_lag4,1.4598258423190358,5.147477835811896
919,cpi_qq_ma5,1.458687316860297,6.412705768513302
1020,cpi_yy_std10,1.4585183850172334,5.755467063589104
595,labour_force_participation_rate_diff11,1.4482472140287823,5.940844142679771
131,card_consumables_ma2,1.438923481315172,4.4981861751322825
1212,production_based_gdp_yy_roc11,1.4274821285206565,7.179826826933229
119,card_consumables_diff7,1.4183376851949996,3.5107559483098396
150,card_consumables_max6,1.414098060555338,8.641240386914264
450,unemployment_rate_max4,1.4132464323110823,4.738371327142685
684,labour_cost_index_std3,1.4013942733019609,5.3533156967875914
1121,production_based_gdp_qq_lag11,1.4009207077415926,4.478078839117538
860,cpi_housing_household_std7,1.400015762075077,5.275816716237401
968,cpi_yy_roc3,1.3928033947976641,2.727865530591949
346,google_home_loan_rate_search_lag12,1.3828892542919062,3.145559405881726
1190,production_based_gdp_yy_lag12,1.375111621032471,5.11574184433481
183,card_credit_lag9,1.3713495533571232,7.417229226964874
605,labour_force_participation_rate_min3,1.3535638284080616,6.025708541511012
284,household_loans_roc9,1.3519615165785062,6.312659417280192
570,labour_force_participation_rate_lag8,1.3503869243365676,4.1191424458614625
359,google_home_loan_rate_search_ma2,1.347919587258804,5.036296529679152
1160,production_based_gdp_qq_std8,1.343477750383604,3.6798695456002437
985,cpi_yy_diff12,1.3315128283169497,4.266954248879472
1220,production_based_gdp_yy_std3,1.325384049113181,4.644026087707952
1223,production_based_gdp_yy_ma4,1.3219624619267782,2.5298412882363883
926,cpi_qq_max6,1.3190835143965283,5.795762263129597
1154,production_based_gdp_qq_max6,1.3130575414134757,4.284247977430432
430,unemployment_rate_roc8,1.3075548106207295,5.556044779701955
3,google_home_loan_rate_search,1.3067995364375795,3.076590434332721
825,cpi_housing_household_diff6,1.304514433480849,6.721668945356859
1141,production_based_gdp_qq_min3,1.2972716430394824,5.133231831916415
1134,production_based_gdp_qq_diff12,1.2968659331481704,3.078289584879142
380,google_home_loan_rate_search_std7,1.2960139841948972,3.9172209253715042
820,cpi_housing_household_roc3,1.2935721187955806,2.62427365093559
1216,production_based_gdp_yy_std2,1.2920747102336245,4.363616914962919
449,unemployment_rate_min4,1.2698888060853253,7.546122137630006
1123,production_based_gdp_qq_diff1,1.2666960671334802,3.601984712042532
1079,production_based_gdp_ma5,1.2649381573922391,5.618578080156752
391,google_home_loan_rate_search_ma10,1.2522226420370055,4.2955500004707865
1060,production_based_gdp_roc9,1.2520439769028335,3.492796940785439
579,labour_force_participation_rate_diff3,1.2476181503491655,3.3253067225777992
100,card_consumables_lag6,1.2302981101817383,2.979168009518472
328,household_loans_std11,1.2249567293953585,6.674460826569837
1047,production_based_gdp_diff3,1.2234969944601486,3.842686091636617
1023,cpi_yy_ma11,1.2178757773931324,3.9132936715325704
598,labour_force_participation_rate_roc12,1.2158798698426063,2.815289234190722
660,labour_cost_index_roc3,1.2118982814270616,2.1665889331180628
672,labour_cost_index_roc9,1.2048850461960745,5.056034572726131
817,cpi_housing_household_diff2,1.190126793046826,5.2068209058279855
443,unemployment_rate_ma3,1.1815751833128592,4.569410558333705
1258,production_based_gdp_yy_max12,1.1763465528851311,3.7660042970057837
1118,production_based_gdp_qq_lag8,1.171113629915977,2.087376516717685
193,card_credit_diff4,1.1629164967811079,1.8276130355167617
426,unemployment_rate_roc6,1.1566389125936,2.558136473941117
1130,production_based_gdp_qq_diff8,1.1538081049350344,2.694548062144344
621,labour_force_participation_rate_min7,1.1521131758354315,4.7320361424941755
832,cpi_housing_household_roc9,1.1509381064207467,3.485770451477022
577,labour_force_participation_rate_diff2,1.1498083341917114,5.906042860350122
1207,production_based_gdp_yy_diff9,1.1474927154354093,6.958222102250841
175,card_credit_lag1,1.1469747785169697,3.2592416330048457
1053,production_based_gdp_diff6,1.1443550669548546,4.150706441143981
740,cpi_roc3,1.1440894175098681,7.222340972361405
341,google_home_loan_rate_search_lag7,1.137465931216841,3.795223086366084
674,labour_cost_index_roc10,1.1285786478714193,4.086345319138581
200,card_credit_roc7,1.1267380715943804,3.397249107745698
28,household_deposits_roc1,1.1266033197224266,2.85407672406536
836,cpi_housing_household_roc11,1.1234088421731223,3.9300620304355856
1211,production_based_gdp_yy_diff11,1.1176438633175236,5.519238704952464
465,unemployment_rate_min8,1.1128248813041783,4.250400837887342
382,google_home_loan_rate_search_max7,1.099219089790887,4.965582887342798
1113,production_based_gdp_qq_lag3,1.0928105922069113,3.166721310921581
416,unemployment_rate_roc1,1.0886591411478779,3.2978293440980484
516,employed_labour_force_roc11,1.082271728271227,3.4506522511753817
1254,production_based_gdp_yy_max11,1.069868382322099,3.3273082214041647
670,labour_cost_index_roc8,1.0564126544719192,4.231438479929032
592,labour_force_participation_rate_roc9,1.0561664322560578,3.830575640146187
850,cpi_housing_household_max4,1.0450155473887284,5.016386896416958
925,cpi_qq_min6,1.043506583359035,2.7329914474057744
1214,production_based_gdp_yy_roc12,1.0325875070192416,3.844234239257964
364,google_home_loan_rate_search_std3,1.0303779058064944,1.7171238088794232
864,cpi_housing_household_std8,1.0263374419381823,2.29140410049083
920,cpi_qq_std5,1.0240123725721133,3.4536354440443566
1163,production_based_gdp_qq_ma9,1.0219932442379935,2.2938569777596105
201,card_credit_diff8,1.0210104535406719,2.3875305992800997
852,cpi_housing_household_std5,1.01993936215855,4.205470544646445
1230,production_based_gdp_yy_max5,1.0182079581792993,3.763304949693294
13,production_based_gdp_qq,1.0106354722841726,3.0365231265180035
467,unemployment_rate_ma9,0.9905156913659461,4.656101012434015
1194,production_based_gdp_yy_roc2,0.9880624900626018,2.6081997629140234
228,card_credit_std6,0.9864950418510998,5.789697307439804
1260,month,0.985545554288471,5.654024656343048
631,labour_force_participation_rate_ma10,0.9801374382688534,4.03791044746277
50,household_deposits_roc12,0.9596015026175404,2.4959205665174244
932,cpi_qq_std8,0.9566276365136307,3.318078850954009
743,cpi_diff5,0.9502439634960191,3.543662734815432
383,google_home_loan_rate_search_ma8,0.9309598892451597,4.3759130894494085
1180,production_based_gdp_yy_lag2,0.921197011634247,5.46081409464659
1195,production_based_gdp_yy_diff3,0.9184313075554594,5.31377126544086
419,unemployment_rate_diff3,0.9087810648752668,4.196485691695322
761,cpi_min2,0.9013368421545869,6.3301305431009585
983,cpi_yy_diff11,0.8954126210069717,2.3491082545742215
300,household_loans_std4,0.8945132664258992,4.327973097078784
1156,production_based_gdp_qq_std7,0.8856911531882989,2.1591902534107503
1228,production_based_gdp_yy_std5,0.8806994506806783,1.8685546414503058
642,labour_force_participation_rate_max12,0.8804767658822064,4.210666569182278
914,cpi_qq_max3,0.8775821015396943,3.3584732566626636
1218,production_based_gdp_yy_max2,0.866334009347159,1.693259753287658
624,labour_force_participation_rate_std8,0.8641881643776627,5.668766199020988
1070,production_based_gdp_max2,0.8593101331245359,3.1874304533111513
1076,production_based_gdp_std4,0.8578714163730595,2.536835271698532
596,labour_force_participation_rate_roc11,0.8575229697977076,4.7915740223661585
667,labour_cost_index_diff7,0.8540841423495422,3.5844241940689137
589,labour_force_participation_rate_diff8,0.8232708092528568,4.5963962598145045
948,cpi_qq_std12,0.814641247413233,3.0077707002952385
930,cpi_qq_max7,0.8122915077793578,2.7518868771416103
122,card_consumables_roc8,0.7924623947520957,2.4493235157551734
973,cpi_yy_diff6,0.7887934847609206,2.895927115423426
431,unemployment_rate_diff9,0.7840030192707397,1.7702504572815292
1222,production_based_gdp_yy_max3,0.7805069076049457,1.6908932717286804
1030,cpi_yy_max12,0.7769975639178603,4.466768607108218
272,household_loans_roc3,0.7698052119765711,2.4427502708029745
1111,production_based_gdp_qq_lag1,0.7669981521401614,2.6235062030088065
576,labour_force_participation_rate_roc1,0.7644595077417398,2.9744974476801618
872,cpi_housing_household_std10,0.7640451665943969,2.6728750370988923
1127,production_based_gdp_qq_diff5,0.7590697386294788,3.3624298404280735
542,employed_labour_force_max7,0.7579068872179988,4.176625515264051
140,card_consumables_std4,0.7574198147556178,3.211211716819489
322,household_loans_max9,0.7569746612485844,5.624210881125407
312,household_loans_std7,0.740042012355747,3.647865270801361
487,employed_labour_force_lag5,0.7334314437833257,4.367600077247627
756,cpi_roc11,0.7313373349922048,2.308094040880201
1175,production_based_gdp_qq_ma12,0.7312477381719928,2.0009646562215213
239,card_credit_ma9,0.7235149802187755,4.518980745452498
1165,production_based_gdp_qq_min9,0.7220618547325428,2.327671174160374
583,labour_force_participation_rate_diff5,0.7173027974647481,3.4210128758102902
785,cpi_min8,0.712113716952284,5.844784064427245
1115,production_based_gdp_qq_lag5,0.7120111345656518,1.3936349951528393
1140,production_based_gdp_qq_std3,0.7113253815173867,2.4961493748015764
636,labour_force_participation_rate_std11,0.7080873271581462,1.773931200867102
528,employed_labour_force_std4,0.7041783739561378,2.2164139623498116
198,card_credit_roc6,0.7041507659455156,2.408904361644559
148,card_consumables_std6,0.702690608415727,2.5100495770427664
1261,quarter,0.7023855606436007,3.100960165679466
564,labour_force_participation_rate_lag2,0.7015829195507475,2.2041565374755168
1,card_credit,0.7010429865808019,3.196062663528356
999,cpi_yy_ma5,0.7005978580804698,3.368999586570758
518,employed_labour_force_roc12,0.6911905520820576,2.1513132963554193
500,employed_labour_force_roc3,0.6909815182412964,1.482624055678845
481,unemployment_rate_min12,0.6896091846355926,3.394841549501485
231,card_credit_ma7,0.6880112237644863,2.6285556046817673
338,google_home_loan_rate_search_lag4,0.6877806822650391,1.8861176949798
168,card_consumables_std11,0.6877724496766625,2.6212472048606283
754,cpi_roc10,0.6809690344190203,2.025669045402269
987,cpi_yy_ma2,0.6801374061837453,3.0623865275311344
404,unemployment_rate_lag2,0.6798334904939511,3.3666611213920166
894,cpi_qq_lag12,0.6794456137598671,3.081422220639536
1095,production_based_gdp_ma9,0.668991821524785,3.7455156348874077
1229,production_based_gdp_yy_min5,0.6687200377554983,3.9974785240906194
511,employed_labour_force_diff9,0.6656044231394369,2.911320543859738
1059,production_based_gdp_diff9,0.6546388200149452,2.338926651071314
615,labour_force_participation_rate_ma6,0.6545038609595498,3.649694739239776
1031,production_based_gdp_lag1,0.6541397029337758,2.809625228772532
484,employed_labour_force_lag2,0.6538279723788903,4.011974001949877
847,cpi_housing_household_ma4,0.6492704987016319,5.054654592074638
822,cpi_housing_household_roc4,0.6458713695267795,2.515125194640043
524,employed_labour_force_std3,0.6442556301617542,2.5582524153898634
1239,production_based_gdp_yy_ma8,0.6359626294556129,2.6297931187594963
599,labour_force_participation_rate_ma2,0.6190778111320678,2.884415941239326
1253,production_based_gdp_yy_min11,0.6182737583626347,1.9013673939158269
960,cpi_yy_lag10,0.6158697548642507,1.9706815184507793
952,cpi_yy_lag2,0.6156823428782578,2.0442589224156826
720,labour_cost_index_std12,0.6119711185848766,3.8828628022605716
1065,production_based_gdp_diff12,0.6051052912269637,1.2351052607220379
1049,production_based_gdp_diff4,0.5995351481818952,1.184382597976547
657,labour_cost_index_diff2,0.5955471883869863,2.541633877303185
753,cpi_diff10,0.5945032575138093,2.7046739070334884
833,cpi_housing_household_diff10,0.5932310986952889,2.4262488672284293
320,household_loans_std9,0.5870782572401981,1.9539223508463104
749,cpi_diff8,0.5810060001372279,3.2508509784304653
134,card_consumables_max2,0.5788313143243982,2.402563388885449
688,labour_cost_index_std4,0.5786673230580792,2.065047875697256
152,card_consumables_std7,0.5776337322489826,1.737894119352028
1034,production_based_gdp_lag4,0.5575974283094627,2.5241401696589945
1191,production_based_gdp_yy_diff1,0.5572697902336583,1.9605638267190029
1055,production_based_gdp_diff7,0.5474610521101251,2.3373143162022054
197,card_credit_diff6,0.5463124713188835,1.320294980386318
327,household_loans_ma11,0.5407673722500516,4.076037012521327
452,unemployment_rate_std5,0.5401834380228844,1.3825140037408592
180,card_credit_lag6,0.5374513222928782,1.735273918118604
966,cpi_yy_roc2,0.5373979573502787,0.6055001434538899
1193,production_based_gdp_yy_diff2,0.5309188122303314,1.5400461795948277
895,cpi_qq_diff1,0.530538238224582,1.1502413751103888
1209,production_based_gdp_yy_diff10,0.5304556055617157,3.6734271219856023
830,cpi_housing_household_roc8,0.5249009603972566,1.9430301744711
964,cpi_yy_roc1,0.5196325196626235,3.447882144684752
716,labour_cost_index_std11,0.518767931607894,2.249902118204931
780,cpi_std7,0.5161672661952403,1.9123796647015623
247,card_credit_ma11,0.5133548805769185,1.6793276476085996
962,cpi_yy_lag12,0.510084092678481,2.2485938905001377
736,cpi_roc1,0.5098360343514965,1.4513170236989443
1149,production_based_gdp_qq_min5,0.5059795120813797,2.0395082410031784
1026,cpi_yy_max11,0.5052759963239295,2.96374404854117
1129,production_based_gdp_qq_diff7,0.503968735816154,1.5558559303723325
988,cpi_yy_std2,0.5008322753755721,1.8982984815056987
744,cpi_roc5,0.4979096236421017,1.906977518606516
627,labour_force_participation_rate_ma9,0.4978512445615984,2.4454348158325825
641,labour_force_participation_rate_min12,0.49416008040857556,3.01046729836356
1137,production_based_gdp_qq_min2,0.4915698531244904,2.093305770290688
388,google_home_loan_rate_search_std9,0.4904929414457435,1.5600724024846613
813,cpi_housing_household_lag11,0.4889573445844716,2.445014090804783
97,card_consumables_lag3,0.4868961688290068,1.3718591858751377
520,employed_labour_force_std2,0.4867010763074747,2.0480195101653593
1046,production_based_gdp_roc2,0.4859018533581473,2.027212260899606
608,labour_force_participation_rate_std4,0.4849068437848206,2.0963876863762136
565,labour_force_participation_rate_lag3,0.479567665544536,2.542664389012906
746,cpi_roc6,0.4736693929473398,2.5824721739945145
1101,production_based_gdp_min10,0.47140314500645647,2.1118718926879962
567,labour_force_participation_rate_lag5,0.4713972644610216,1.4449296248004841
192,card_credit_roc3,0.46773731594132917,0.9524359216270181
921,cpi_qq_min5,0.46544930644183014,1.6906816792844621
374,google_home_loan_rate_search_max5,0.4613623531365552,2.7012415171481465
65,household_deposits_min5,0.4585102027394652,1.8898026417506764
772,cpi_std5,0.4554814473910888,1.6653029165306517
1075,production_based_gdp_ma4,0.4549018405491789,2.0457452234592504
1036,production_based_gdp_lag6,0.4526149409417253,1.5443669883326652
362,google_home_loan_rate_search_max2,0.44578705123553847,1.0573376879342784
1007,cpi_yy_ma7,0.4448528335476035,1.4309389390067704
1038,production_based_gdp_lag8,0.44238573695329986,1.8601987229100483
1104,production_based_gdp_std11,0.4367961554746337,1.0942952563173316
411,unemployment_rate_lag9,0.4364989558934305,1.8339070479004316
215,card_credit_ma3,0.43199165663314176,1.9491973688281925
493,employed_labour_force_lag11,0.4306687399935047,2.263708294520391
630,labour_force_participation_rate_max9,0.4261738940090999,1.3828137966590324
421,unemployment_rate_diff4,0.4237786379739852,1.2252975740400929
951,cpi_yy_lag1,0.4236757684101442,1.3765657351626301
734,cpi_lag12,0.41839343031035003,3.7801756910055317
776,cpi_std6,0.41716688328905693,1.6917699737219345
548,employed_labour_force_std9,0.414808314034232,1.4653886864977899
415,unemployment_rate_diff1,0.4142400413595225,1.6138942377475936
31,household_deposits_diff3,0.41232178982873413,1.5148247903199088
95,card_consumables_lag1,0.41163654299100405,0.591749371187788
762,cpi_max2,0.40971964677205824,3.5784478648666482
440,unemployment_rate_std2,0.4077972320355322,2.479093890448103
318,household_loans_max8,0.406662724107907,1.7479982553927575
910,cpi_qq_max2,0.40297977760268766,1.564871543216409
728,cpi_lag6,0.4023392806406311,1.6068698439070783
248,card_credit_std11,0.3996047905758988,1.256922210264839
146,card_consumables_max5,0.39954219377093764,1.4556603934558499
1147,production_based_gdp_qq_ma5,0.3917228558729227,1.8082322360195084
503,employed_labour_force_diff5,0.39164445004748366,1.5065107942891458
117,card_consumables_diff6,0.3888308678733316,0.6630145126351975
593,labour_force_participation_rate_diff10,0.38820679741231984,1.958266929835327
1244,production_based_gdp_yy_std9,0.3824589357855153,1.2248524661787332
1083,production_based_gdp_ma6,0.37629675692518655,2.358072653037966
764,cpi_std3,0.3760860664608306,1.7524422157725648
156,card_consumables_std8,0.37588017883778396,1.618102539750328
875,cpi_housing_household_ma11,0.37293889716668893,2.405862186649606
177,card_credit_lag3,0.3700776043349587,1.0883583138147104
629,labour_force_participation_rate_min9,0.36764026856965976,2.799670803537031
1037,production_based_gdp_lag7,0.3642865513180331,1.0964590172994835
363,google_home_loan_rate_search_ma3,0.3631787801463644,1.1515951413362908
617,labour_force_participation_rate_min6,0.3620801394702806,1.7445232739494132
628,labour_force_participation_rate_std9,0.3620364209295938,1.6523368007050516
676,labour_cost_index_roc11,0.36040123186441525,0.948593908539013
848,cpi_housing_household_std4,0.35922696889392414,1.3028790929065928
814,cpi_housing_household_lag12,0.35747990464898866,2.4320420531111417
977,cpi_yy_diff8,0.3535578008822697,1.116455417072368
1164,production_based_gdp_qq_std9,0.35072797076509443,1.2805921162295832
843,cpi_housing_household_ma3,0.35040864802645055,2.310602763227645
133,card_consumables_min2,0.35037035587954546,1.3973435868120276
700,labour_cost_index_std7,0.3430897400206355,1.37552668617835
891,cpi_qq_lag9,0.33937696251607546,1.5640004750476382
469,unemployment_rate_min9,0.33597322347718417,1.556493955115191
768,cpi_std4,0.33596575016388774,0.9168093016896278
675,labour_cost_index_diff11,0.33259216707105127,2.185073766274356
611,labour_force_participation_rate_ma5,0.32278392535799905,2.0343683396977283
547,employed_labour_force_ma9,0.3207652379392316,2.0463453707845733
174,card_consumables_max12,0.32001517552605163,1.701109712621999
1232,production_based_gdp_yy_std6,0.3167487724539877,2.9764591351513507
155,card_consumables_ma8,0.3153537307210254,2.1215228112065847
303,household_loans_ma5,0.31480242152503096,1.5185081773205484
262,household_loans_lag8,0.3144331443210014,1.6309374164015713
623,labour_force_participation_rate_ma8,0.310407619824727,1.9248860792756184
947,cpi_qq_ma12,0.31021175207007146,0.9437993584133759
943,cpi_qq_ma11,0.30980117798316836,1.0874104845939696
747,cpi_diff7,0.3092744535408004,1.2698331411446377
216,card_credit_std3,0.3060940191469627,1.0293547019341949
742,cpi_roc4,0.3046273609957234,2.298528618680709
446,unemployment_rate_max3,0.3035002293858177,1.5808290926064172
597,labour_force_participation_rate_diff12,0.30204848424711706,1.0119725044105623
634,labour_force_participation_rate_max10,0.3012533062365435,1.5310373501898644
370,google_home_loan_rate_search_max4,0.3000050360717765,1.3852484602417594
214,card_credit_max2,0.29875180140917745,2.221470748499484
377,google_home_loan_rate_search_min6,0.29791943024154277,1.1052453806995108
501,employed_labour_force_diff4,0.2976607464152606,1.242742871768201
538,employed_labour_force_max6,0.2927425075023441,2.6339167620259234
425,unemployment_rate_diff6,0.2926618710318843,0.963896348270133
773,cpi_min5,0.2892757732277202,2.081514320320023
703,labour_cost_index_ma8,0.28568903034016735,2.3186133766439103
401,google_home_loan_rate_search_min12,0.2801063299685069,2.0638959275793143
1136,production_based_gdp_qq_std2,0.2778173464785252,0.8909353562895705
399,google_home_loan_rate_search_ma12,0.27704215234830365,0.7733825446650381
142,card_consumables_max4,0.2769724902728296,0.9486113566339303
1231,production_based_gdp_yy_ma6,0.27235303579606307,1.9558912531575519
523,employed_labour_force_ma3,0.2711023644872186,1.3411705385538002
413,unemployment_rate_lag11,0.2700476507712874,1.315539479830337
498,employed_labour_force_roc2,0.269535668787028,0.6971569046913045
62,household_deposits_max4,0.26944616412048994,2.031839210496026
456,unemployment_rate_std6,0.26844903270094417,0.6501777147768839
235,card_credit_ma8,0.26266503529067003,1.449207784754777
940,cpi_qq_std10,0.26088816155191136,0.8021553055734828
1217,production_based_gdp_yy_min2,0.25786773477328123,0.9059945911490809
1196,production_based_gdp_yy_roc3,0.2575519667874425,1.3889588509708215
58,household_deposits_max3,0.2563292986921828,1.55164336123276
1145,production_based_gdp_qq_min4,0.2531363297668357,1.2334940579809368
553,employed_labour_force_min10,0.2511559317185178,1.2666557281066884
963,cpi_yy_diff1,0.24826782480051335,0.822255377569858
459,unemployment_rate_ma7,0.2482351937232536,1.011662369472998
555,employed_labour_force_ma11,0.24679211696967465,1.3238055041606012
25,household_deposits_lag11,0.24678412739669067,1.2494519605967176
1066,production_based_gdp_roc12,0.24546020639716268,1.6744600696395866
876,cpi_housing_household_std11,0.24475834452646225,1.1961170321259804
1174,production_based_gdp_qq_max11,0.23908546788073426,1.0319170440711667
265,household_loans_lag11,0.23867213269563312,1.1965015326178823
442,unemployment_rate_max2,0.23757236817185173,1.2436861967930577
946,cpi_qq_max11,0.23245678444236553,0.9578573767245782
1237,production_based_gdp_yy_min7,0.22837659531559656,0.7566896015008144
671,labour_cost_index_diff9,0.22698952188552696,1.0762105914732267
1035,production_based_gdp_lag5,0.22663614467069804,1.1514607905042715
880,cpi_housing_household_std12,0.22595223137891157,0.7995637681000307
755,cpi_diff11,0.2259433186711895,1.132874911237096
751,cpi_diff9,0.223077222395706,0.8238286440523611
471,unemployment_rate_ma10,0.22156136764563564,1.8725287115366491
781,cpi_min7,0.22145462962083154,0.8742314345054446
975,cpi_yy_diff7,0.21773684082088887,0.7444158095578447
1097,production_based_gdp_min9,0.21553429251159456,1.3064991943270026
1022,cpi_yy_max10,0.2155134659219174,0.8413973979829896
1058,production_based_gdp_roc8,0.21537739907305978,0.783114086833448
691,labour_cost_index_ma5,0.2127798522085114,0.9573923754996367
369,google_home_loan_rate_search_min4,0.2113194506638103,1.0302987321043413
16,household_deposits_lag2,0.21111186023456394,1.8718102535915782
444,unemployment_rate_std3,0.2106381827486454,0.7968843354115883
93,household_deposits_min12,0.20963746241019066,1.0859951600091038
931,cpi_qq_ma8,0.20908503713359214,0.9492488762985272
1045,production_based_gdp_diff2,0.20740045177173747,0.6138645374873692
403,unemployment_rate_lag1,0.20419068231266863,1.164364383346351
750,cpi_roc8,0.20322016781042843,0.6796585524805383
1257,production_based_gdp_yy_min12,0.2020094364779232,1.500323240951999
696,labour_cost_index_std6,0.2012906056940567,0.7126385210635594
646,labour_cost_index_lag4,0.2007859616269905,1.5415263789921418
770,cpi_max4,0.2006112601597669,1.4169173422678623
791,cpi_ma10,0.19973034835999529,0.8807910363720053
663,labour_cost_index_diff5,0.19602250765966323,1.587137281276403
410,unemployment_rate_lag8,0.19579885303611338,1.627101763088715
939,cpi_qq_ma10,0.19578514277352005,0.5380364452744857
705,labour_cost_index_min8,0.19227744175204112,1.3879541266618383
468,unemployment_rate_std9,0.18360876609649476,0.7779371260265595
706,labour_cost_index_max8,0.1833696391149603,1.0740398014232877
21,household_deposits_lag7,0.18214716994836444,1.6961637109453935
587,labour_force_participation_rate_diff7,0.18200231744661544,0.6426350872298501
829,cpi_housing_household_diff8,0.1817141564632719,0.42630413491449076
1245,production_based_gdp_yy_min9,0.17914454706896246,0.80474103616354
685,labour_cost_index_min3,0.17730104622313805,1.6200311812658672
626,labour_force_participation_rate_max8,0.17720288648283522,1.0996739957351955
610,labour_force_participation_rate_max4,0.1765475570963773,1.3183868429235959
1215,production_based_gdp_yy_ma2,0.17619018221328184,1.610801756015914
752,cpi_roc9,0.17340099010931562,0.7297224860645432
1161,production_based_gdp_qq_min8,0.17038795617963784,0.6683562572078686
828,cpi_housing_household_roc7,0.16977234216468076,0.7089614576573928
492,employed_labour_force_lag10,0.16951481642372382,0.974004027923627
305,household_loans_min5,0.16873915538163992,1.221856628686181
293,household_loans_min2,0.1671635093181863,1.4681959678980114
147,card_consumables_ma6,0.1665978361571068,0.6674670039236363
575,labour_force_participation_rate_diff1,0.1657543878589064,0.8769896598828074
721,labour_cost_index_min12,0.16510890661934746,0.6770629328514216
478,unemployment_rate_max11,0.16450190861265346,1.1300313817848306
835,cpi_housing_household_diff11,0.1620208004916392,0.4296934357605372
531,employed_labour_force_ma5,0.16147312118011944,0.8443114179251425
585,labour_force_participation_rate_diff6,0.16078411074141105,0.6291487002564945
989,cpi_yy_min2,0.16047598305209967,0.7441515407862035
229,card_credit_min6,0.16010647403348868,1.1815041341774315
232,card_credit_std7,0.1587921449475345,0.5265446416861146
473,unemployment_rate_min10,0.1584514012844106,0.9737727811070127
1013,cpi_yy_min8,0.15841005561030042,0.8250742486650601
512,employed_labour_force_roc9,0.15754354964986755,1.1127090750150048
851,cpi_housing_household_ma5,0.1569620434530918,1.1897579778384146
760,cpi_std2,0.15649194548282314,0.941729088501834
244,card_credit_std10,0.15611627739610928,0.7355979929396281
1043,production_based_gdp_diff1,0.1560187303757145,0.7106832730659259
319,household_loans_ma9,0.1481689428936865,1.0870030584828738
1039,production_based_gdp_lag9,0.1463459676745171,0.7307338734652651
732,cpi_lag10,0.14520541403381684,0.7425272295190118
217,card_credit_min3,0.14492059968997734,0.6518876103298031
1077,production_based_gdp_min4,0.14488431748602812,0.8963039674891151
220,card_credit_std4,0.14261210819757014,0.6888186005503046
163,card_consumables_ma10,0.14208633544770446,0.715080488231106
179,card_credit_lag5,0.1412532510586829,0.5556647850933036
1162,production_based_gdp_qq_max8,0.1409129633773582,0.893632358124554
942,cpi_qq_max10,0.13990084018315332,0.7199399982901425
981,cpi_yy_diff10,0.13974981631569136,0.6061392506413306
91,household_deposits_ma12,0.13904130304443152,0.608719972057126
252,card_credit_std12,0.1372663663348533,0.7419394786256648
153,card_consumables_min7,0.13725383272598193,1.01550580902793
253,card_credit_min12,0.13567893329272707,1.1258707299266009
739,cpi_diff3,0.13341173595500005,1.0258941741997585
151,card_consumables_ma7,0.1299387058297705,0.5787299427196232
941,cpi_qq_min10,0.1293145703934745,0.9277485980931353
417,unemployment_rate_diff2,0.12842970300560982,0.4794563013007824
853,cpi_housing_household_min5,0.1282714823798517,0.8653518496905377
678,labour_cost_index_roc12,0.12786677340634112,0.6668102501223075
990,cpi_yy_max2,0.12673733650146723,0.47352735209800595
460,unemployment_rate_std7,0.12469983818613452,0.47204738514499195
451,unemployment_rate_ma5,0.12200479508415825,1.0612972173195743
218,card_credit_max3,0.12143682563009253,0.4718978496111145
609,labour_force_participation_rate_min4,0.11920631218575427,1.0780713714886676
659,labour_cost_index_diff3,0.11687947085807858,0.5806835304856164
1054,production_based_gdp_roc6,0.11349049608291342,0.3316635043537011
1135,production_based_gdp_qq_ma2,0.11340669904956753,0.32771209214051267
840,cpi_housing_household_std2,0.11318587575283588,0.6910243191939741
227,card_credit_ma6,0.112102236482633,0.8267480540283483
1084,production_based_gdp_std6,0.11201397465920558,0.749832168786881
571,labour_force_participation_rate_lag9,0.1105199819447169,0.405788427453961
526,employed_labour_force_max3,0.10980402538142268,0.5836338482863035
373,google_home_loan_rate_search_min5,0.10874166495893758,0.28341429993996237
935,cpi_qq_ma9,0.10846514460576583,0.4890938997874533
819,cpi_housing_household_diff3,0.10812843753008264,0.46122850341130356
242,card_credit_max9,0.10585131134746624,0.5954310329437104
420,unemployment_rate_roc3,0.10557843550910936,0.35526039549044997
600,labour_force_participation_rate_std2,0.10522347194112838,0.4464998376741381
927,cpi_qq_ma7,0.10491607280596005,0.2886177914249619
1069,production_based_gdp_min2,0.10472373281264419,0.7849268221507684
361,google_home_loan_rate_search_min2,0.1042635702868193,0.41813271032055666
613,labour_force_participation_rate_min5,0.10397055524658702,0.6110395899003835
724,cpi_lag2,0.10378800144834234,1.0424304421919894
874,cpi_housing_household_max10,0.10317839771195926,0.5823570783969978
562,employed_labour_force_max12,0.10167386337065643,0.6917202030318231
74,household_deposits_max7,0.10081607455008125,0.5172672507196958
958,cpi_yy_lag8,0.09972468188104865,0.47372638139427314
799,cpi_ma12,0.0994205732389803,0.7339241555581661
745,cpi_diff6,0.09777739294954989,1.0070704216043165
1057,production_based_gdp_diff8,0.0968824876351171,0.2931760637449359
979,cpi_yy_diff9,0.09676681684148505,0.43661435917094954
804,cpi_housing_household_lag2,0.096428103175727,0.6094484139594498
257,household_loans_lag3,0.09568315018580387,0.48538379679113863
375,google_home_loan_rate_search_ma6,0.09367756303985585,0.4929116423869005
466,unemployment_rate_max8,0.09305642494318742,0.7863058970129276
408,unemployment_rate_lag6,0.0919223284066247,0.31285765991721415
1235,production_based_gdp_yy_ma7,0.09106779313218372,0.35764042064436335
409,unemployment_rate_lag7,0.09099254372301302,0.8658361699774105
879,cpi_housing_household_ma12,0.08980303498603423,0.8378030141147326
652,labour_cost_index_lag10,0.08954890397411795,0.550295022390837
1250,production_based_gdp_yy_max10,0.08910417806638686,0.49960513645343413
549,employed_labour_force_min9,0.08835311240435459,0.5283251256929454
77,household_deposits_min8,0.08785776257915155,0.504086594680256
1001,cpi_yy_min5,0.08702480215828097,0.4326524204427894
1096,production_based_gdp_std9,0.08693053265019754,0.5721013503124537
211,card_credit_ma2,0.086007147688374,0.34509799654245094
845,cpi_housing_household_min3,0.08595355406782154,0.5042495040086025
223,card_credit_ma5,0.0858816078794227,0.4475796268447994
11,cpi_yy,0.08586972901184362,0.4414260934632164
882,cpi_housing_household_max12,0.082690939980578,0.48379645013971045
682,labour_cost_index_max2,0.08245349712873727,0.37890098231454294
379,google_home_loan_rate_search_ma7,0.08237452594416136,0.3798246213741632
1009,cpi_yy_min7,0.0810909178697691,0.40061798087981526
677,labour_cost_index_diff12,0.07935233702828906,0.308699884472831
698,labour_cost_index_max6,0.07857057069061746,0.40764133837843664
87,household_deposits_ma11,0.07845411874430112,0.3460949771026445
314,household_loans_max7,0.07746758396276719,0.31480761898387527
719,labour_cost_index_ma12,0.07718339309337885,0.34878125139912813
622,labour_force_participation_rate_max7,0.07705601688429459,0.4114255991721789
1006,cpi_yy_max6,0.07557541292668367,0.6402004430472106
827,cpi_housing_household_diff7,0.07527038782811735,0.28822626895205333
826,cpi_housing_household_roc6,0.07482998691942305,0.2517963725876728
1074,production_based_gdp_max3,0.07470568287156053,0.28871658241728526
638,labour_force_participation_rate_max11,0.07399162047067145,0.5314279072917601
869,cpi_housing_household_min9,0.07185090256579575,0.33636915940898876
323,household_loans_ma10,0.06957638636572468,0.3272944179104732
1067,production_based_gdp_ma2,0.06864480563999584,0.263027125480036
423,unemployment_rate_diff5,0.0685974800299756,0.27126512977851686
259,household_loans_lag5,0.06826595896670419,0.3789730464794815
387,google_home_loan_rate_search_ma9,0.06797085344471236,0.41569131113799584
795,cpi_ma11,0.06743159328881985,0.3179764679179759
648,labour_cost_index_lag6,0.06676574778595909,0.4213091478001779
83,household_deposits_ma10,0.06654877993352332,0.2972335178379271
237,card_credit_min8,0.06628107417496411,0.45895951317753175
264,household_loans_lag10,0.06611468847220468,0.3346087124598398
1086,production_based_gdp_max6,0.06554390010097719,0.40079253592208947
645,labour_cost_index_lag3,0.06523524841845642,0.4372483953565294
22,household_deposits_lag8,0.06360464993847931,0.6308781461187201
521,employed_labour_force_min2,0.06282151578527695,0.2725821317167482
222,card_credit_max4,0.06250985314923108,0.22987394285121363
497,employed_labour_force_diff2,0.06246574336801913,0.4963849020397783
1052,production_based_gdp_roc5,0.06242265114142099,0.2178635669634515
385,google_home_loan_rate_search_min8,0.060940852053873666,0.35173652533127364
741,cpi_diff4,0.060549351002031855,0.580986550515133
858,cpi_housing_household_max6,0.059377970445153506,0.4035043164248685
302,household_loans_max4,0.058615463807932325,0.3374871459909705
1151,production_based_gdp_qq_ma6,0.05841506545770214,0.17200169618328714
1081,production_based_gdp_min5,0.057164160197952785,0.3288983630963199
800,cpi_std12,0.05716104094432992,0.2527356977914205
635,labour_force_participation_rate_ma11,0.05713558083626294,0.43440299370506236
488,employed_labour_force_lag6,0.056246017656791755,0.3666133090810511
495,employed_labour_force_diff1,0.05609940840965165,0.18674761046181307
918,cpi_qq_max4,0.05567245997349028,0.15620996744076998
1241,production_based_gdp_yy_min8,0.05531339499121084,0.26209510407234426
913,cpi_qq_min3,0.0550635366571822,0.1842177277684496
665,labour_cost_index_diff6,0.05438757574134568,0.1960921835975265
559,employed_labour_force_ma12,0.05402334546503736,0.32605906296592596
888,cpi_qq_lag6,0.05396495889424992,0.2042372378203957
386,google_home_loan_rate_search_max8,0.05101404764295127,0.32246991335164643
607,labour_force_participation_rate_ma4,0.05021287897246421,0.31759448137283297
687,labour_cost_index_ma4,0.049449672737686794,0.4310807143637403
1021,cpi_yy_min10,0.04822356011100335,0.33912432892822447
619,labour_force_participation_rate_ma7,0.047901437146737974,0.26125376936820704
519,employed_labour_force_ma2,0.04745878639117596,0.22935728754447948
510,employed_labour_force_roc8,0.0471460630071485,0.31717091701936734
297,household_loans_min3,0.0470895067897917,0.31584524632991245
483,employed_labour_force_lag1,0.04680798854544684,0.18639167213582963
995,cpi_yy_ma4,0.04636851138123834,0.18750816704924225
737,cpi_diff2,0.045843286421002785,0.33542733097203226
301,household_loans_min4,0.045030502253460794,0.20665574187583075
1098,production_based_gdp_max9,0.04431345812211552,0.28406461963776514
697,labour_cost_index_min6,0.04398987366534393,0.3300198182518274
414,unemployment_rate_lag12,0.04358827261904404,0.21128322098099447
309,household_loans_min6,0.043335141894879935,0.19372807681443463
307,household_loans_ma6,0.04212879250301185,0.14990048897133215
310,household_loans_max6,0.041936242461358186,0.313412467953229
263,household_loans_lag9,0.04181696367372804,0.3268930315164621
867,cpi_housing_household_ma9,0.04074275787449624,0.26585471388973486
1102,production_based_gdp_max10,0.040032006695793605,0.28885711040506046
782,cpi_max7,0.03977702388776278,0.2872596493231911
499,employed_labour_force_diff3,0.039206150146213224,0.1540095575153024
489,employed_labour_force_lag7,0.03908048151055973,0.180105683613856
330,household_loans_max11,0.038645959826917216,0.26462997869468535
694,labour_cost_index_max5,0.03818488585211377,0.13840668649364427
573,labour_force_participation_rate_lag11,0.03815864258619412,0.13939440220218852
779,cpi_ma7,0.03814358809115557,0.2504294658859201
552,employed_labour_force_std10,0.03803430546210051,0.13728793576978615
563,labour_force_participation_rate_lag1,0.03743319856380041,0.23700316659706466
1249,production_based_gdp_yy_min10,0.03697902353249041,0.20017203565935054
172,card_consumables_std12,0.036857547585765926,0.1418977162555466
331,household_loans_ma12,0.036431754089107,0.287774120179876
1005,cpi_yy_min6,0.03638342446371103,0.21724420668386601
19,household_deposits_lag5,0.03589835939239634,0.1872222517758948
533,employed_labour_force_min5,0.03587395046153068,0.2063942693970037
1227,production_based_gdp_yy_ma5,0.03530834739971457,0.21238214281943524
679,labour_cost_index_ma2,0.035287627494929044,0.2149257288591899
808,cpi_housing_household_lag6,0.03508012361110908,0.30305886583137315
821,cpi_housing_household_diff4,0.034998102512589876,0.14158989430729807
690,labour_cost_index_max4,0.034901537486661305,0.14154868612600585
1078,production_based_gdp_max4,0.03478152166038699,0.26347637763082277
490,employed_labour_force_lag8,0.03334835813416115,0.1577245463932084
159,card_consumables_ma9,0.033296692071147736,0.20900530138268694
871,cpi_housing_household_ma10,0.033228836523970684,0.15516918974952143
213,card_credit_min2,0.03314234430807786,0.21017091151516254
317,household_loans_min8,0.032543851414658084,0.17572428867993362
85,household_deposits_min10,0.03254256774182367,0.12547195096187938
255,household_loans_lag1,0.0325173130784297,0.22655569895812308
453,unemployment_rate_min5,0.0320167123685525,0.19410874818166007
1068,production_based_gdp_std2,0.03178359935458362,0.171504656404969
154,card_consumables_max7,0.03133419145021416,0.11702457687153167
295,household_loans_ma3,0.031221342043634002,0.1811752212078152
778,cpi_max6,0.030536590001363283,0.21270298721163683
877,cpi_housing_household_min11,0.030396277955572218,0.25422433526197785
474,unemployment_rate_max10,0.029941260668237983,0.21911419399908236
365,google_home_loan_rate_search_min3,0.02961938400333584,0.09816826076678944
260,household_loans_lag6,0.02905868710701299,0.19614037819864796
699,labour_cost_index_ma7,0.028696221431909776,0.19929097641035487
81,household_deposits_min9,0.028651803000931935,0.21495419024718393
790,cpi_max9,0.028645414148084598,0.20996645136206588
530,employed_labour_force_max4,0.028472564496064636,0.16686693315309473
398,google_home_loan_rate_search_max11,0.0274699855854613,0.11559608745315553
1091,production_based_gdp_ma8,0.027447988250464624,0.1538590064148959
78,household_deposits_max8,0.027420853645836293,0.13017426624471579
12,production_based_gdp,0.027250618433279607,0.17564181336265058
1082,production_based_gdp_max5,0.027018556223427477,0.1605297249933162
266,household_loans_lag12,0.026886692177710406,0.1899544416799631
1093,production_based_gdp_min8,0.02457414520464213,0.17257642120426364
529,employed_labour_force_min4,0.024117908222419215,0.17548811029111155
457,unemployment_rate_min6,0.02356915907570089,0.14433973048847884
57,household_deposits_min3,0.023332261504503345,0.10559539150637115
653,labour_cost_index_lag11,0.023021222180616863,0.1335929416125534
625,labour_force_participation_rate_min8,0.02283987595358156,0.1532502850786111
273,household_loans_diff4,0.022610243195507584,0.13511451977510272
586,labour_force_participation_rate_roc6,0.02220561350125166,0.06649317875198095
534,employed_labour_force_max5,0.021761534683148214,0.0873669464048188
486,employed_labour_force_lag4,0.021556274675444274,0.08812228505687122
669,labour_cost_index_diff8,0.021386253739897953,0.1559042978816292
527,employed_labour_force_ma4,0.021054867034833107,0.12399978619710683
162,card_consumables_max9,0.02091500059011168,0.11280998749408254
458,unemployment_rate_max6,0.020756636572059974,0.1317111044598394
794,cpi_max10,0.02062151408544806,0.11200762661750496
1233,production_based_gdp_yy_min6,0.020588900948980075,0.09114355995170607
1170,production_based_gdp_qq_max10,0.02055594920552572,0.16317152902745702
298,household_loans_max3,0.02049982932044389,0.11407295839516436
802,cpi_max12,0.020003309118236674,0.1635870105950848
651,labour_cost_index_lag9,0.019811683768303077,0.10799369831564345
839,cpi_housing_household_ma2,0.019109582063254606,0.11299839855087954
865,cpi_housing_household_min8,0.019035413877101684,0.07189458190573225
225,card_credit_min5,0.01895321631496833,0.11592506588063692
394,google_home_loan_rate_search_max10,0.01813660144336566,0.10845408085253824
789,cpi_min9,0.017677068017148,0.11373727619885134
686,labour_cost_index_max3,0.017405293401249588,0.1092155385852078
1071,production_based_gdp_ma3,0.017200088927166426,0.13081215644378108
482,unemployment_rate_max12,0.01675515729941336,0.06130390138163772
550,employed_labour_force_max9,0.016407755190772293,0.09821681855452997
94,household_deposits_max12,0.015752079939603814,0.12002280720866591
722,labour_cost_index_max12,0.0157308840871746,0.08708384181108744
601,labour_force_participation_rate_min2,0.015494228567986807,0.1124364700745761
1087,production_based_gdp_ma7,0.01522397572585828,0.07223180206834674
539,employed_labour_force_ma7,0.015132425584940812,0.11128447345391862
26,household_deposits_lag12,0.01502035305735135,0.0889648439073089
75,household_deposits_ma8,0.014944100305046594,0.1066104224624673
70,household_deposits_max6,0.014897807042809161,0.07726347576600932
709,labour_cost_index_min9,0.014641390256889214,0.09016344402903631
866,cpi_housing_household_max8,0.014528284572511851,0.06682106421383899
786,cpi_max8,0.014496059954456386,0.12228448312990799
558,employed_labour_force_max11,0.014058922295166648,0.08824425514714583
53,household_deposits_min2,0.013976100349251988,0.1378877109221967
718,labour_cost_index_max11,0.013975380587830037,0.13192470573489393
535,employed_labour_force_ma6,0.01382063441976117,0.060407131533909156
731,cpi_lag9,0.01335161988471532,0.06145880450787805
8,cpi,0.013298067436398076,0.10094754845552924
681,labour_cost_index_min2,0.013241289862473034,0.08364822148117214
650,labour_cost_index_lag8,0.013019235286975208,0.08534438354260265
929,cpi_qq_min7,0.012867961196704858,0.07465116591728302
23,household_deposits_lag9,0.012735276363699853,0.09027507757364034
18,household_deposits_lag4,0.01258373961204272,0.06261911361427942
412,unemployment_rate_lag10,0.012433811327993987,0.09329429032019557
461,unemployment_rate_min7,0.012261838085132887,0.10417044079870434
321,household_loans_min9,0.012165019613097548,0.0571309708786873
1094,production_based_gdp_max8,0.011790509943012626,0.0624759814847868
491,employed_labour_force_lag9,0.011628537333414658,0.04666786438966579
55,household_deposits_ma3,0.011599240701249685,0.06246429689253455
54,household_deposits_max2,0.011267507919861473,0.08909507906908783
922,cpi_qq_max5,0.011227958779785014,0.06293913850672518
325,household_loans_min10,0.011148903402844362,0.09676584758355497
1166,production_based_gdp_qq_max9,0.011110292439673977,0.049667766134881816
937,cpi_qq_min9,0.010986108829808461,0.06622240480554266
447,unemployment_rate_ma4,0.0106161550637691,0.07191431658265901
726,cpi_lag4,0.010518529918466829,0.10663606521994168
680,labour_cost_index_std2,0.010076993427281584,0.09634894256050311
561,employed_labour_force_min12,0.010027447120822002,0.05555843812675481
801,cpi_min12,0.009860060594950757,0.0612971126439495
90,household_deposits_max11,0.009785712345642341,0.0890606758686826
787,cpi_ma9,0.00969799979358467,0.08843239947059243
1017,cpi_yy_min9,0.009516715819343022,0.06846194166133016
859,cpi_housing_household_ma7,0.009314574747075746,0.06276303313646024
1002,cpi_yy_max5,0.009160687588312462,0.052663463554690135
1157,production_based_gdp_qq_min7,0.009072495134522589,0.03899596947188732
878,cpi_housing_household_max11,0.0086876276828712,0.047015250441938834
329,household_loans_min11,0.00867950953744414,0.03814815413064757
71,household_deposits_ma7,0.00845446655484334,0.05336780353687716
51,household_deposits_ma2,0.008229257988215933,0.04332737107474162
59,household_deposits_ma4,0.00805541895576294,0.0542773863777051
775,cpi_ma6,0.00798227158567597,0.04625200734164681
711,labour_cost_index_ma10,0.007831813246088021,0.04313465303397402
79,household_deposits_ma9,0.0078063170209339726,0.05364004836968324
606,labour_force_participation_rate_max3,0.007790076007334104,0.035669462340814286
733,cpi_lag11,0.007733313485326044,0.05220008697984778
546,employed_labour_force_max8,0.007399359076249758,0.04773158117020775
158,card_consumables_max8,0.0072679687201468385,0.0444091439315133
82,household_deposits_max9,0.007241309650551927,0.0344175509642966
313,household_loans_min7,0.007167928873255189,0.04096623141781019
294,household_loans_max2,0.00716370413877047,0.03492124889394116
683,labour_cost_index_ma3,0.007012885552778561,0.038208883989657175
5,employed_labour_force,0.006873139512622991,0.06307944967706158
393,google_home_loan_rate_search_min10,0.006812281447403764,0.04153334881818137
1018,cpi_yy_max9,0.006786916343881765,0.045489873972375756
1010,cpi_yy_max7,0.006615999097743913,0.04264772336167075
67,household_deposits_ma6,0.006022015386330631,0.04238583620610901
238,card_credit_max8,0.005938765091117901,0.038361802108410455
149,card_consumables_min6,0.005690761860065613,0.029888704140020244
917,cpi_qq_min4,0.0056450299676603895,0.03938939643452492
1225,production_based_gdp_yy_min4,0.0055863952752758465,0.04479408815988384
1029,cpi_yy_min12,0.005459269559173084,0.04798200253260306
1107,production_based_gdp_ma12,0.0054562117353200695,0.03956012610950318
861,cpi_housing_household_min7,0.005455314218295804,0.024285789825902453
735,cpi_diff1,0.005268349680398518,0.04412117503254111
1234,production_based_gdp_yy_max6,0.005163607033317333,0.04780978958853382
994,cpi_yy_max3,0.005109496547506492,0.03189202179640907
862,cpi_housing_household_max7,0.0050776499736382855,0.04235589788415859
763,cpi_ma3,0.0049967739999976805,0.03791916544618865
643,labour_cost_index_lag1,0.004965756333163421,0.04935072917011742
777,cpi_min6,0.00480817830875046,0.03346546416661824
701,labour_cost_index_min7,0.004741536781300348,0.030876197943675444
141,card_consumables_min4,0.00446579874158326,0.03393987924248178
717,labour_cost_index_min11,0.004237876038446823,0.0340363523492612
1153,production_based_gdp_qq_min6,0.004206960135135056,0.025334054797554892
803,cpi_housing_household_lag1,0.004193473242194975,0.02162833322326558
326,household_loans_max10,0.003858048927436587,0.024916262602171824
618,labour_force_participation_rate_max6,0.003836419222849991,0.032007560894348114
219,card_credit_ma4,0.0037989430959167294,0.02531745652400172
1110,production_based_gdp_max12,0.00376885109898666,0.019658629635006468
797,cpi_min11,0.003677896547425027,0.02951652893051704
86,household_deposits_max10,0.0036547777282995987,0.020270175059076762
441,unemployment_rate_min2,0.0036496926570384162,0.022583468651947356
371,google_home_loan_rate_search_ma5,0.0034842301896781873,0.020805173684440435
9,cpi_housing_household,0.003479431075107569,0.03369138388844117
1103,production_based_gdp_ma11,0.003341860816175115,0.01920861745640083
849,cpi_housing_household_min4,0.003214404477795285,0.02135189340089463
1014,cpi_yy_max8,0.0027907495532206224,0.011390856898084835
842,cpi_housing_household_max2,0.002773537927644109,0.02418902562272903
727,cpi_lag5,0.0027446467082940405,0.018066515018508637
221,card_credit_min4,0.00269507572632392,0.024222615183904523
299,household_loans_ma4,0.0026847652747928694,0.025820184894758038
173,card_consumables_min12,0.002641997062479422,0.0196320298545169
397,google_home_loan_rate_search_min11,0.0025868956236688367,0.017772894919199304
796,cpi_std11,0.0024147278679044547,0.015741078390262484
693,labour_cost_index_min5,0.0022927248242093664,0.016329112362075064
603,labour_force_participation_rate_ma3,0.002217673783984773,0.017003196773208988
306,household_loans_max5,0.0021539576056835135,0.018327633334202214
250,card_credit_max11,0.002147688077312655,0.020764232871916307
1246,production_based_gdp_yy_max9,0.002135228282661032,0.01462634148602236
10,cpi_qq,0.002049654089692475,0.012935500846194232
246,card_credit_max10,0.001990396729933736,0.019685375293719942
689,labour_cost_index_min4,0.0019854107734445943,0.013376096615386752
855,cpi_housing_household_ma6,0.0019650135352563976,0.014548860182247308
1027,cpi_yy_ma12,0.0018896070668413196,0.012043125266405256
254,card_credit_max12,0.001827393006278861,0.011940702295336156
811,cpi_housing_household_lag9,0.0017824156130668734,0.011029082161035323
551,employed_labour_force_ma10,0.001754207690309068,0.01688498575860835
715,labour_cost_index_ma11,0.0017345237103514946,0.012991402183878406
844,cpi_housing_household_std3,0.0017335223581420739,0.011998946767649626
805,cpi_housing_household_lag3,0.0017315579271918514,0.011392096146243876
810,cpi_housing_household_lag8,0.0016576516131012588,0.009043290449444467
695,labour_cost_index_ma6,0.0016502839967547705,0.01391944310544691
644,labour_cost_index_lag2,0.0016099594551023519,0.008693282132047748
61,household_deposits_min4,0.0015929190191014439,0.012455269220019818
1177,production_based_gdp_qq_min12,0.0015839297684975707,0.009642785847142964
69,household_deposits_min6,0.0015805455267840062,0.013254432296099164
702,labour_cost_index_max7,0.0015656594853047901,0.01082850380029587
389,google_home_loan_rate_search_min9,0.00150641592823647,0.010447915824302613
998,cpi_yy_max4,0.0014634453421287713,0.009666692395553456
366,google_home_loan_rate_search_max3,0.001421150457656619,0.007970094552398157
730,cpi_lag8,0.001419126473249386,0.010223621206164204
485,employed_labour_force_lag3,0.001382043802659994,0.015080062410423662
234,card_credit_max7,0.0012500654904973006,0.012048215727037273
171,card_consumables_ma12,0.0012448662416657894,0.00997478407049873
1089,production_based_gdp_min7,0.0012327325671727006,0.006393429810616025
846,cpi_housing_household_max3,0.0012020824632504733,0.011133861685184302
157,card_consumables_min8,0.0011903984821495736,0.006978165232030255
522,employed_labour_force_max2,0.001131793803619544,0.007823564480933388
857,cpi_housing_household_min6,0.0011205439168367596,0.009377826782801652
807,cpi_housing_household_lag5,0.0010614176136838052,0.0074879821819928034
230,card_credit_max6,0.0009877501179465962,0.007483435931400578
863,cpi_housing_household_ma8,0.0008796021834347148,0.007248603410278399
439,unemployment_rate_ma2,0.0008222442603256474,0.007423380953221756
20,household_deposits_lag6,0.0007954902713483102,0.008330446754171602
291,household_loans_ma2,0.0007843784969297462,0.004287376678582286
1099,production_based_gdp_ma10,0.0007827144166013799,0.007429899192320109
161,card_consumables_min9,0.0007770793253079953,0.0046091971165245224
757,cpi_diff12,0.0007701685073589162,0.008522847217162972
494,employed_labour_force_lag12,0.0006854780742334926,0.005356722934465551
445,unemployment_rate_min3,0.0006849522703855055,0.0039774679009532965
881,cpi_housing_household_min12,0.0006772629839267047,0.005627052652954102
543,employed_labour_force_ma8,0.0006304543395027121,0.006711779367239237
311,household_loans_ma7,0.0006119386846341167,0.004170095298095641
2,household_loans,0.0005958637526659735,0.0059883441858011545
405,unemployment_rate_lag3,0.0005922361962699508,0.0053302871597356825
792,cpi_std10,0.0005915773776774973,0.004446879239129476
390,google_home_loan_rate_search_max9,0.000515808140073308,0.003218333447633942
815,cpi_housing_household_diff1,0.00048033222372620535,0.0035501174070805787
841,cpi_housing_household_min2,0.0004748821068749805,0.003358132541683339
541,employed_labour_force_min7,0.00047259214951911354,0.004758309881959118
66,household_deposits_max5,0.0004495004330107599,0.0037841311624640466
554,employed_labour_force_max10,0.0003680626900028404,0.003175480475037417
24,household_deposits_lag10,0.00032852650188130934,0.002327169973895573
798,cpi_max11,0.0002736187973309885,0.003275553522198803
766,cpi_max3,0.00026537564298969153,0.0013025467612285328
241,card_credit_min9,0.00026019839541573743,0.002504228720358744
873,cpi_housing_household_min10,0.00025066983340039977,0.0025543021421921305
933,cpi_qq_min8,0.00023335674302516984,0.0027779675653561223
654,labour_cost_index_lag12,0.00019471866752962487,0.0018197660480244904
806,cpi_housing_household_lag4,0.00017973302527986165,0.0019823129342934303
633,labour_force_participation_rate_min10,0.00015532429077794467,0.0010722660783331341
783,cpi_ma8,0.00014804840733474164,0.0013171486270741222
170,card_consumables_max11,0.00013966921427597737,0.0014919112799604102
166,card_consumables_max10,0.00012151517666121984,0.0013218390751942926
774,cpi_max5,0.00010781059563872091,0.0010483506066287234
333,household_loans_min12,0.0,0.0
462,unemployment_rate_max7,0.0,0.0
1106,production_based_gdp_max11,0.0,0.0
145,card_consumables_min5,0.0,0.0
647,labour_cost_index_lag5,0.0,0.0
723,cpi_lag1,0.0,0.0
725,cpi_lag3,0.0,0.0
1105,production_based_gdp_min11,0.0,0.0
226,card_credit_max5,0.0,0.0
812,cpi_housing_household_lag10,0.0,0.0
454,unemployment_rate_max5,0.0,0.0
463,unemployment_rate_ma8,0.0,0.0
1085,production_based_gdp_min6,0.0,0.0
870,cpi_housing_household_max9,0.0,0.0
1025,cpi_yy_min11,0.0,0.0
477,unemployment_rate_min11,0.0,0.0
261,household_loans_lag7,0.0,0.0
7,labour_cost_index,0.0,0.0
537,employed_labour_force_min6,0.0,0.0
1090,production_based_gdp_max7,0.0,0.0
1259,year,0.0,0.0
854,cpi_housing_household_max5,0.0,0.0
809,cpi_housing_household_lag7,0.0,0.0
950,cpi_qq_max12,0.0,0.0
73,household_deposits_min7,0.0,0.0
649,labour_cost_index_lag7,0.0,0.0
165,card_consumables_min10,0.0,0.0
793,cpi_min10,0.0,0.0
251,card_credit_ma12,0.0,0.0
169,card_consumables_min11,0.0,0.0
334,household_loans_max12,0.0,0.0
707,labour_cost_index_ma9,0.0,0.0
89,household_deposits_min11,0.0,0.0
710,labour_cost_index_max9,0.0,0.0
381,google_home_loan_rate_search_min7,0.0,0.0
63,household_deposits_ma5,0.0,0.0
258,household_loans_lag4,0.0,0.0
557,employed_labour_force_min11,0.0,0.0
545,employed_labour_force_min8,0.0,0.0
769,cpi_min4,0.0,0.0
525,employed_labour_force_min3,0.0,0.0
655,labour_cost_index_diff1,0.0,0.0
315,household_loans_ma8,0.0,0.0
713,labour_cost_index_min10,0.0,0.0
714,labour_cost_index_max10,0.0,0.0
470,unemployment_rate_max9,0.0,0.0
